"GEO_ID","NAME","S2506_C01_001E","S2506_C01_001M","S2506_C01_002E","S2506_C01_002M","S2506_C01_003E","S2506_C01_003M","S2506_C01_004E","S2506_C01_004M","S2506_C01_005E","S2506_C01_005M","S2506_C01_006E","S2506_C01_006M","S2506_C01_007E","S2506_C01_007M","S2506_C01_008E","S2506_C01_008M","S2506_C01_009E","S2506_C01_009M","S2506_C01_010E","S2506_C01_010M","S2506_C01_011E","S2506_C01_011M","S2506_C01_012E","S2506_C01_012M","S2506_C01_013E","S2506_C01_013M","S2506_C01_014E","S2506_C01_014M","S2506_C01_015E","S2506_C01_015M","S2506_C01_016E","S2506_C01_016M","S2506_C01_017E","S2506_C01_017M","S2506_C01_018E","S2506_C01_018M","S2506_C01_019E","S2506_C01_019M","S2506_C01_020E","S2506_C01_020M","S2506_C01_021E","S2506_C01_021M","S2506_C01_022E","S2506_C01_022M","S2506_C01_023E","S2506_C01_023M","S2506_C01_024E","S2506_C01_024M","S2506_C01_025E","S2506_C01_025M","S2506_C01_026E","S2506_C01_026M","S2506_C01_027E","S2506_C01_027M","S2506_C01_028M","S2506_C01_029M","S2506_C01_030E","S2506_C01_030M","S2506_C01_031E","S2506_C01_032E","S2506_C01_032M","S2506_C01_033M","S2506_C01_034E","S2506_C01_034M","S2506_C01_035E","S2506_C01_035M","S2506_C01_036M","S2506_C01_037E","S2506_C01_037M","S2506_C01_038E","S2506_C01_038M","S2506_C01_039E","S2506_C01_039M","S2506_C01_040E","S2506_C01_040M","S2506_C01_041E","S2506_C01_041M","S2506_C01_042E","S2506_C01_042M","S2506_C01_028E","S2506_C01_029E","S2506_C01_031M","S2506_C01_033E","S2506_C01_036E","S2506_C01_044E","S2506_C01_044M","S2506_C01_045E","S2506_C01_045M","S2506_C01_046E","S2506_C01_046M","S2506_C01_047M","S2506_C01_048M","S2506_C01_049E","S2506_C01_049M","S2506_C01_050E","S2506_C01_051E","S2506_C01_051M","S2506_C01_052E","S2506_C01_052M","S2506_C01_053E","S2506_C01_053M","S2506_C01_054E","S2506_C01_054M","S2506_C01_055E","S2506_C01_055M","S2506_C01_056M","S2506_C01_057E","S2506_C01_058E","S2506_C01_059E","S2506_C01_059M","S2506_C01_060M","S2506_C01_061E","S2506_C01_061M","S2506_C01_062E","S2506_C01_063E","S2506_C01_063M","S2506_C01_064M","S2506_C01_065E","S2506_C01_065M","S2506_C01_066E","S2506_C01_066M","S2506_C01_067E","S2506_C01_068E","S2506_C01_043E","S2506_C01_043M","S2506_C01_047E","S2506_C01_048E","S2506_C01_050M","S2506_C01_056E","S2506_C01_057M","S2506_C01_058M","S2506_C01_060E","S2506_C01_062M","S2506_C01_064E","S2506_C01_067M","S2506_C01_068M"
"id","Geographic Area Name","Owner-occupied housing units with a mortgage!!Estimate!!Owner-occupied housing units with a mortgage","Owner-occupied housing units with a mortgage!!Margin of Error!!Owner-occupied housing units with a mortgage","Owner-occupied housing units with a mortgage!!Estimate!!VALUE!!Less than $50,000","Owner-occupied housing units with a mortgage!!Margin of Error!!VALUE!!Less than $50,000","Owner-occupied housing units with a mortgage!!Estimate!!VALUE!!$50,000 to $99,999","Owner-occupied housing units with a mortgage!!Margin of Error!!VALUE!!$50,000 to $99,999","Owner-occupied housing units with a mortgage!!Estimate!!VALUE!!$100,000 to $149,999","Owner-occupied housing units with a mortgage!!Margin of Error!!VALUE!!$100,000 to $149,999","Owner-occupied housing units with a mortgage!!Estimate!!VALUE!!$150,000 to $199,999","Owner-occupied housing units with a mortgage!!Margin of Error!!VALUE!!$150,000 to $199,999","Owner-occupied housing units with a mortgage!!Estimate!!VALUE!!$200,000 to $299,999","Owner-occupied housing units with a mortgage!!Margin of Error!!VALUE!!$200,000 to $299,999","Owner-occupied housing units with a mortgage!!Estimate!!VALUE!!$300,000 to $499,999","Owner-occupied housing units with a mortgage!!Margin of Error!!VALUE!!$300,000 to $499,999","Owner-occupied housing units with a mortgage!!Estimate!!VALUE!!$500,000 or more","Owner-occupied housing units with a mortgage!!Margin of Error!!VALUE!!$500,000 or more","Owner-occupied housing units with a mortgage!!Estimate!!VALUE!!Median (dollars)","Owner-occupied housing units with a mortgage!!Margin of Error!!VALUE!!Median (dollars)","Owner-occupied housing units with a mortgage!!Estimate!!MORTGAGE STATUS!!With either a second mortgage, or home equity loan, but not both","Owner-occupied housing units with a mortgage!!Margin of Error!!MORTGAGE STATUS!!With either a second mortgage, or home equity loan, but not both","Owner-occupied housing units with a mortgage!!Estimate!!MORTGAGE STATUS!!With either a second mortgage, or home equity loan, but not both!!Second mortgage only","Owner-occupied housing units with a mortgage!!Margin of Error!!MORTGAGE STATUS!!With either a second mortgage, or home equity loan, but not both!!Second mortgage only","Owner-occupied housing units with a mortgage!!Estimate!!MORTGAGE STATUS!!With either a second mortgage, or home equity loan, but not both!!Home equity loan only","Owner-occupied housing units with a mortgage!!Margin of Error!!MORTGAGE STATUS!!With either a second mortgage, or home equity loan, but not both!!Home equity loan only","Owner-occupied housing units with a mortgage!!Estimate!!MORTGAGE STATUS!!Both second mortgage and home equity loan","Owner-occupied housing units with a mortgage!!Margin of Error!!MORTGAGE STATUS!!Both second mortgage and home equity loan","Owner-occupied housing units with a mortgage!!Estimate!!MORTGAGE STATUS!!No second mortgage and no home equity loan","Owner-occupied housing units with a mortgage!!Margin of Error!!MORTGAGE STATUS!!No second mortgage and no home equity loan","Owner-occupied housing units with a mortgage!!Estimate!!HOUSEHOLD INCOME IN THE PAST 12 MONTHS (IN 2013 INFLATION-ADJUSTED DOLLARS)!!Less than $10,000","Owner-occupied housing units with a mortgage!!Margin of Error!!HOUSEHOLD INCOME IN THE PAST 12 MONTHS (IN 2013 INFLATION-ADJUSTED DOLLARS)!!Less than $10,000","Owner-occupied housing units with a mortgage!!Estimate!!HOUSEHOLD INCOME IN THE PAST 12 MONTHS (IN 2013 INFLATION-ADJUSTED DOLLARS)!!$10,000 to $24,999","Owner-occupied housing units with a mortgage!!Margin of Error!!HOUSEHOLD INCOME IN THE PAST 12 MONTHS (IN 2013 INFLATION-ADJUSTED DOLLARS)!!$10,000 to $24,999","Owner-occupied housing units with a mortgage!!Estimate!!HOUSEHOLD INCOME IN THE PAST 12 MONTHS (IN 2013 INFLATION-ADJUSTED DOLLARS)!!$25,000 to $34,999","Owner-occupied housing units with a mortgage!!Margin of Error!!HOUSEHOLD INCOME IN THE PAST 12 MONTHS (IN 2013 INFLATION-ADJUSTED DOLLARS)!!$25,000 to $34,999","Owner-occupied housing units with a mortgage!!Estimate!!HOUSEHOLD INCOME IN THE PAST 12 MONTHS (IN 2013 INFLATION-ADJUSTED DOLLARS)!!$35,000 to $49,999","Owner-occupied housing units with a mortgage!!Margin of Error!!HOUSEHOLD INCOME IN THE PAST 12 MONTHS (IN 2013 INFLATION-ADJUSTED DOLLARS)!!$35,000 to $49,999","Owner-occupied housing units with a mortgage!!Estimate!!HOUSEHOLD INCOME IN THE PAST 12 MONTHS (IN 2013 INFLATION-ADJUSTED DOLLARS)!!$50,000 to $74,999","Owner-occupied housing units with a mortgage!!Margin of Error!!HOUSEHOLD INCOME IN THE PAST 12 MONTHS (IN 2013 INFLATION-ADJUSTED DOLLARS)!!$50,000 to $74,999","Owner-occupied housing units with a mortgage!!Estimate!!HOUSEHOLD INCOME IN THE PAST 12 MONTHS (IN 2013 INFLATION-ADJUSTED DOLLARS)!!$75,000 to $99,999","Owner-occupied housing units with a mortgage!!Margin of Error!!HOUSEHOLD INCOME IN THE PAST 12 MONTHS (IN 2013 INFLATION-ADJUSTED DOLLARS)!!$75,000 to $99,999","Owner-occupied housing units with a mortgage!!Estimate!!HOUSEHOLD INCOME IN THE PAST 12 MONTHS (IN 2013 INFLATION-ADJUSTED DOLLARS)!!$100,000 to $149,999","Owner-occupied housing units with a mortgage!!Margin of Error!!HOUSEHOLD INCOME IN THE PAST 12 MONTHS (IN 2013 INFLATION-ADJUSTED DOLLARS)!!$100,000 to $149,999","Owner-occupied housing units with a mortgage!!Estimate!!HOUSEHOLD INCOME IN THE PAST 12 MONTHS (IN 2013 INFLATION-ADJUSTED DOLLARS)!!$150,000 or more","Owner-occupied housing units with a mortgage!!Margin of Error!!HOUSEHOLD INCOME IN THE PAST 12 MONTHS (IN 2013 INFLATION-ADJUSTED DOLLARS)!!$150,000 or more","Owner-occupied housing units with a mortgage!!Estimate!!HOUSEHOLD INCOME IN THE PAST 12 MONTHS (IN 2013 INFLATION-ADJUSTED DOLLARS)!!Median household income (dollars)","Owner-occupied housing units with a mortgage!!Margin of Error!!HOUSEHOLD INCOME IN THE PAST 12 MONTHS (IN 2013 INFLATION-ADJUSTED DOLLARS)!!Median household income (dollars)","Owner-occupied housing units with a mortgage!!Estimate!!RATIO OF VALUE TO HOUSEHOLD INCOME IN THE PAST 12 MONTHS!!Less than 2.0","Owner-occupied housing units with a mortgage!!Margin of Error!!RATIO OF VALUE TO HOUSEHOLD INCOME IN THE PAST 12 MONTHS!!Less than 2.0","Owner-occupied housing units with a mortgage!!Estimate!!RATIO OF VALUE TO HOUSEHOLD INCOME IN THE PAST 12 MONTHS!!2.0 to 2.9","Owner-occupied housing units with a mortgage!!Margin of Error!!RATIO OF VALUE TO HOUSEHOLD INCOME IN THE PAST 12 MONTHS!!2.0 to 2.9","Owner-occupied housing units with a mortgage!!Estimate!!RATIO OF VALUE TO HOUSEHOLD INCOME IN THE PAST 12 MONTHS!!3.0 to 3.9","Owner-occupied housing units with a mortgage!!Margin of Error!!RATIO OF VALUE TO HOUSEHOLD INCOME IN THE PAST 12 MONTHS!!3.0 to 3.9","Owner-occupied housing units with a mortgage!!Estimate!!RATIO OF VALUE TO HOUSEHOLD INCOME IN THE PAST 12 MONTHS!!4.0 or more","Owner-occupied housing units with a mortgage!!Margin of Error!!RATIO OF VALUE TO HOUSEHOLD INCOME IN THE PAST 12 MONTHS!!4.0 or more","Owner-occupied housing units with a mortgage!!Margin of Error!!RATIO OF VALUE TO HOUSEHOLD INCOME IN THE PAST 12 MONTHS!!Not computed","Owner-occupied housing units with a mortgage!!Margin of Error!!MONTHLY HOUSING COSTS!!Less than $200","Owner-occupied housing units with a mortgage!!Estimate!!MONTHLY HOUSING COSTS!!$200 to $299","Owner-occupied housing units with a mortgage!!Margin of Error!!MONTHLY HOUSING COSTS!!$200 to $299","Owner-occupied housing units with a mortgage!!Estimate!!MONTHLY HOUSING COSTS!!$300 to $399","Owner-occupied housing units with a mortgage!!Estimate!!MONTHLY HOUSING COSTS!!$400 to $499","Owner-occupied housing units with a mortgage!!Margin of Error!!MONTHLY HOUSING COSTS!!$400 to $499","Owner-occupied housing units with a mortgage!!Margin of Error!!MONTHLY HOUSING COSTS!!$500 to $599","Owner-occupied housing units with a mortgage!!Estimate!!MONTHLY HOUSING COSTS!!$600 to $699","Owner-occupied housing units with a mortgage!!Margin of Error!!MONTHLY HOUSING COSTS!!$600 to $699","Owner-occupied housing units with a mortgage!!Estimate!!MONTHLY HOUSING COSTS!!$700 to $799","Owner-occupied housing units with a mortgage!!Margin of Error!!MONTHLY HOUSING COSTS!!$700 to $799","Owner-occupied housing units with a mortgage!!Margin of Error!!MONTHLY HOUSING COSTS!!$800 to $899","Owner-occupied housing units with a mortgage!!Estimate!!MONTHLY HOUSING COSTS!!$900 to $999","Owner-occupied housing units with a mortgage!!Margin of Error!!MONTHLY HOUSING COSTS!!$900 to $999","Owner-occupied housing units with a mortgage!!Estimate!!MONTHLY HOUSING COSTS!!$1,000 to $1,249","Owner-occupied housing units with a mortgage!!Margin of Error!!MONTHLY HOUSING COSTS!!$1,000 to $1,249","Owner-occupied housing units with a mortgage!!Estimate!!MONTHLY HOUSING COSTS!!$1,250 to $1,499","Owner-occupied housing units with a mortgage!!Margin of Error!!MONTHLY HOUSING COSTS!!$1,250 to $1,499","Owner-occupied housing units with a mortgage!!Estimate!!MONTHLY HOUSING COSTS!!$1,500 to $1,999","Owner-occupied housing units with a mortgage!!Margin of Error!!MONTHLY HOUSING COSTS!!$1,500 to $1,999","Owner-occupied housing units with a mortgage!!Estimate!!MONTHLY HOUSING COSTS!!$2,000 or more","Owner-occupied housing units with a mortgage!!Margin of Error!!MONTHLY HOUSING COSTS!!$2,000 or more","Owner-occupied housing units with a mortgage!!Estimate!!MONTHLY HOUSING COSTS!!Median (dollars)","Owner-occupied housing units with a mortgage!!Margin of Error!!MONTHLY HOUSING COSTS!!Median (dollars)","Owner-occupied housing units with a mortgage!!Estimate!!RATIO OF VALUE TO HOUSEHOLD INCOME IN THE PAST 12 MONTHS!!Not computed","Owner-occupied housing units with a mortgage!!Estimate!!MONTHLY HOUSING COSTS!!Less than $200","Owner-occupied housing units with a mortgage!!Margin of Error!!MONTHLY HOUSING COSTS!!$300 to $399","Owner-occupied housing units with a mortgage!!Estimate!!MONTHLY HOUSING COSTS!!$500 to $599","Owner-occupied housing units with a mortgage!!Estimate!!MONTHLY HOUSING COSTS!!$800 to $899","Owner-occupied housing units with a mortgage!!Estimate!!MONTHLY HOUSING COSTS AS A PERCENTAGE OF HOUSEHOLD INCOME IN THE PAST 12 MONTHS!!Less than $20,000!!Less than 20 percent","Owner-occupied housing units with a mortgage!!Margin of Error!!MONTHLY HOUSING COSTS AS A PERCENTAGE OF HOUSEHOLD INCOME IN THE PAST 12 MONTHS!!Less than $20,000!!Less than 20 percent","Owner-occupied housing units with a mortgage!!Estimate!!MONTHLY HOUSING COSTS AS A PERCENTAGE OF HOUSEHOLD INCOME IN THE PAST 12 MONTHS!!Less than $20,000!!20 to 29 percent","Owner-occupied housing units with a mortgage!!Margin of Error!!MONTHLY HOUSING COSTS AS A PERCENTAGE OF HOUSEHOLD INCOME IN THE PAST 12 MONTHS!!Less than $20,000!!20 to 29 percent","Owner-occupied housing units with a mortgage!!Estimate!!MONTHLY HOUSING COSTS AS A PERCENTAGE OF HOUSEHOLD INCOME IN THE PAST 12 MONTHS!!Less than $20,000!!30 percent or more","Owner-occupied housing units with a mortgage!!Margin of Error!!MONTHLY HOUSING COSTS AS A PERCENTAGE OF HOUSEHOLD INCOME IN THE PAST 12 MONTHS!!Less than $20,000!!30 percent or more","Owner-occupied housing units with a mortgage!!Margin of Error!!MONTHLY HOUSING COSTS AS A PERCENTAGE OF HOUSEHOLD INCOME IN THE PAST 12 MONTHS!!$20,000 to $34,999","Owner-occupied housing units with a mortgage!!Margin of Error!!MONTHLY HOUSING COSTS AS A PERCENTAGE OF HOUSEHOLD INCOME IN THE PAST 12 MONTHS!!$20,000 to $34,999!!Less than 20 percent","Owner-occupied housing units with a mortgage!!Estimate!!MONTHLY HOUSING COSTS AS A PERCENTAGE OF HOUSEHOLD INCOME IN THE PAST 12 MONTHS!!$20,000 to $34,999!!20 to 29 percent","Owner-occupied housing units with a mortgage!!Margin of Error!!MONTHLY HOUSING COSTS AS A PERCENTAGE OF HOUSEHOLD INCOME IN THE PAST 12 MONTHS!!$20,000 to $34,999!!20 to 29 percent","Owner-occupied housing units with a mortgage!!Estimate!!MONTHLY HOUSING COSTS AS A PERCENTAGE OF HOUSEHOLD INCOME IN THE PAST 12 MONTHS!!$20,000 to $34,999!!30 percent or more","Owner-occupied housing units with a mortgage!!Estimate!!MONTHLY HOUSING COSTS AS A PERCENTAGE OF HOUSEHOLD INCOME IN THE PAST 12 MONTHS!!$35,000 to $49,999","Owner-occupied housing units with a mortgage!!Margin of Error!!MONTHLY HOUSING COSTS AS A PERCENTAGE OF HOUSEHOLD INCOME IN THE PAST 12 MONTHS!!$35,000 to $49,999","Owner-occupied housing units with a mortgage!!Estimate!!MONTHLY HOUSING COSTS AS A PERCENTAGE OF HOUSEHOLD INCOME IN THE PAST 12 MONTHS!!$35,000 to $49,999!!Less than 20 percent","Owner-occupied housing units with a mortgage!!Margin of Error!!MONTHLY HOUSING COSTS AS A PERCENTAGE OF HOUSEHOLD INCOME IN THE PAST 12 MONTHS!!$35,000 to $49,999!!Less than 20 percent","Owner-occupied housing units with a mortgage!!Estimate!!MONTHLY HOUSING COSTS AS A PERCENTAGE OF HOUSEHOLD INCOME IN THE PAST 12 MONTHS!!$35,000 to $49,999!!20 to 29 percent","Owner-occupied housing units with a mortgage!!Margin of Error!!MONTHLY HOUSING COSTS AS A PERCENTAGE OF HOUSEHOLD INCOME IN THE PAST 12 MONTHS!!$35,000 to $49,999!!20 to 29 percent","Owner-occupied housing units with a mortgage!!Estimate!!MONTHLY HOUSING COSTS AS A PERCENTAGE OF HOUSEHOLD INCOME IN THE PAST 12 MONTHS!!$35,000 to $49,999!!30 percent or more","Owner-occupied housing units with a mortgage!!Margin of Error!!MONTHLY HOUSING COSTS AS A PERCENTAGE OF HOUSEHOLD INCOME IN THE PAST 12 MONTHS!!$35,000 to $49,999!!30 percent or more","Owner-occupied housing units with a mortgage!!Estimate!!MONTHLY HOUSING COSTS AS A PERCENTAGE OF HOUSEHOLD INCOME IN THE PAST 12 MONTHS!!$50,000 to $74,999","Owner-occupied housing units with a mortgage!!Margin of Error!!MONTHLY HOUSING COSTS AS A PERCENTAGE OF HOUSEHOLD INCOME IN THE PAST 12 MONTHS!!$50,000 to $74,999","Owner-occupied housing units with a mortgage!!Margin of Error!!MONTHLY HOUSING COSTS AS A PERCENTAGE OF HOUSEHOLD INCOME IN THE PAST 12 MONTHS!!$50,000 to $74,999!!Less than 20 percent","Owner-occupied housing units with a mortgage!!Estimate!!MONTHLY HOUSING COSTS AS A PERCENTAGE OF HOUSEHOLD INCOME IN THE PAST 12 MONTHS!!$50,000 to $74,999!!20 to 29 percent","Owner-occupied housing units with a mortgage!!Estimate!!MONTHLY HOUSING COSTS AS A PERCENTAGE OF HOUSEHOLD INCOME IN THE PAST 12 MONTHS!!$50,000 to $74,999!!30 percent or more","Owner-occupied housing units with a mortgage!!Estimate!!MONTHLY HOUSING COSTS AS A PERCENTAGE OF HOUSEHOLD INCOME IN THE PAST 12 MONTHS!!$75,000 or more","Owner-occupied housing units with a mortgage!!Margin of Error!!MONTHLY HOUSING COSTS AS A PERCENTAGE OF HOUSEHOLD INCOME IN THE PAST 12 MONTHS!!$75,000 or more","Owner-occupied housing units with a mortgage!!Margin of Error!!MONTHLY HOUSING COSTS AS A PERCENTAGE OF HOUSEHOLD INCOME IN THE PAST 12 MONTHS!!$75,000 or more!!Less than 20 percent","Owner-occupied housing units with a mortgage!!Estimate!!MONTHLY HOUSING COSTS AS A PERCENTAGE OF HOUSEHOLD INCOME IN THE PAST 12 MONTHS!!$75,000 or more!!20 to 29 percent","Owner-occupied housing units with a mortgage!!Margin of Error!!MONTHLY HOUSING COSTS AS A PERCENTAGE OF HOUSEHOLD INCOME IN THE PAST 12 MONTHS!!$75,000 or more!!20 to 29 percent","Owner-occupied housing units with a mortgage!!Estimate!!MONTHLY HOUSING COSTS AS A PERCENTAGE OF HOUSEHOLD INCOME IN THE PAST 12 MONTHS!!$75,000 or more!!30 percent or more","Owner-occupied housing units with a mortgage!!Estimate!!MONTHLY HOUSING COSTS AS A PERCENTAGE OF HOUSEHOLD INCOME IN THE PAST 12 MONTHS!!Zero or negative income","Owner-occupied housing units with a mortgage!!Margin of Error!!MONTHLY HOUSING COSTS AS A PERCENTAGE OF HOUSEHOLD INCOME IN THE PAST 12 MONTHS!!Zero or negative income","Owner-occupied housing units with a mortgage!!Margin of Error!!REAL ESTATE TAXES!!Less than $800","Owner-occupied housing units with a mortgage!!Estimate!!REAL ESTATE TAXES!!$800 to $1,499","Owner-occupied housing units with a mortgage!!Margin of Error!!REAL ESTATE TAXES!!$800 to $1,499","Owner-occupied housing units with a mortgage!!Estimate!!REAL ESTATE TAXES!!$1,500 or more","Owner-occupied housing units with a mortgage!!Margin of Error!!REAL ESTATE TAXES!!$1,500 or more","Owner-occupied housing units with a mortgage!!Estimate!!REAL ESTATE TAXES!!No real estate taxes paid","Owner-occupied housing units with a mortgage!!Estimate!!REAL ESTATE TAXES!!Median (dollars)","Owner-occupied housing units with a mortgage!!Estimate!!MONTHLY HOUSING COSTS AS A PERCENTAGE OF HOUSEHOLD INCOME IN THE PAST 12 MONTHS!!Less than $20,000","Owner-occupied housing units with a mortgage!!Margin of Error!!MONTHLY HOUSING COSTS AS A PERCENTAGE OF HOUSEHOLD INCOME IN THE PAST 12 MONTHS!!Less than $20,000","Owner-occupied housing units with a mortgage!!Estimate!!MONTHLY HOUSING COSTS AS A PERCENTAGE OF HOUSEHOLD INCOME IN THE PAST 12 MONTHS!!$20,000 to $34,999","Owner-occupied housing units with a mortgage!!Estimate!!MONTHLY HOUSING COSTS AS A PERCENTAGE OF HOUSEHOLD INCOME IN THE PAST 12 MONTHS!!$20,000 to $34,999!!Less than 20 percent","Owner-occupied housing units with a mortgage!!Margin of Error!!MONTHLY HOUSING COSTS AS A PERCENTAGE OF HOUSEHOLD INCOME IN THE PAST 12 MONTHS!!$20,000 to $34,999!!30 percent or more","Owner-occupied housing units with a mortgage!!Estimate!!MONTHLY HOUSING COSTS AS A PERCENTAGE OF HOUSEHOLD INCOME IN THE PAST 12 MONTHS!!$50,000 to $74,999!!Less than 20 percent","Owner-occupied housing units with a mortgage!!Margin of Error!!MONTHLY HOUSING COSTS AS A PERCENTAGE OF HOUSEHOLD INCOME IN THE PAST 12 MONTHS!!$50,000 to $74,999!!20 to 29 percent","Owner-occupied housing units with a mortgage!!Margin of Error!!MONTHLY HOUSING COSTS AS A PERCENTAGE OF HOUSEHOLD INCOME IN THE PAST 12 MONTHS!!$50,000 to $74,999!!30 percent or more","Owner-occupied housing units with a mortgage!!Estimate!!MONTHLY HOUSING COSTS AS A PERCENTAGE OF HOUSEHOLD INCOME IN THE PAST 12 MONTHS!!$75,000 or more!!Less than 20 percent","Owner-occupied housing units with a mortgage!!Margin of Error!!MONTHLY HOUSING COSTS AS A PERCENTAGE OF HOUSEHOLD INCOME IN THE PAST 12 MONTHS!!$75,000 or more!!30 percent or more","Owner-occupied housing units with a mortgage!!Estimate!!REAL ESTATE TAXES!!Less than $800","Owner-occupied housing units with a mortgage!!Margin of Error!!REAL ESTATE TAXES!!No real estate taxes paid","Owner-occupied housing units with a mortgage!!Margin of Error!!REAL ESTATE TAXES!!Median (dollars)"
"0400000US01","Alabama","719189","11998","9.0","0.5","22.2","0.8","22.3","0.8","17.4","0.7","16.7","0.7","9.3","0.5","3.1","0.3","141400","2273","13.3","0.6","3.6","0.4","9.7","0.5","0.6","0.1","86.1","0.6","3.1","0.4","9.5","0.5","8.1","0.5","14.5","0.6","22.1","0.8","16.0","0.7","16.8","0.7","9.9","0.4","65890","1064","46.5","0.9","23.5","0.8","11.4","0.5","17.9","0.7","0.2","0.1","0.3","0.1","1.1","2.5","0.2","0.4","6.6","0.4","8.2","0.5","0.5","9.1","0.5","20.1","0.7","13.9","0.7","13.8","0.6","9.8","0.5","1093","11","0.7","0.0","0.2","4.7","10.0","0.0","0.1","0.3","0.1","7.8","0.6","0.5","0.1","2.6","0.3","8.6","14.5","0.6","2.8","0.2","6.4","0.4","5.3","0.4","22.1","0.8","0.6","8.6","3.2","42.7","0.9","0.7","7.6","0.5","1.4","0.7","0.2","1.0","20.2","0.8","11.3","0.6","9.7","595","8.2","0.6","11.8","0.6","0.4","10.3","0.6","0.3","33.6","0.2","58.8","0.5","10"
"0400000US02","Alaska","99127","3509","1.9","0.4","2.5","0.6","6.5","1.0","15.4","2.0","36.4","2.3","30.4","2.2","6.8","1.2","266800","5576","9.3","1.3","2.7","0.9","6.7","1.1","0.6","0.3","90.1","1.4","1.1","0.4","4.3","0.7","2.9","0.7","7.5","1.1","16.1","1.9","18.0","1.6","27.4","2.2","22.9","2.2","100319","4316","31.1","2.4","29.8","2.2","16.6","1.5","22.3","1.8","0.2","0.1","0.1","0.1","0.3","0.7","0.3","0.4","1.0","0.4","1.6","0.4","0.8","3.2","0.7","9.3","1.3","14.0","1.8","30.9","2.3","35.5","2.1","1746","35","0.2","0.1","0.2","0.9","2.3","0.0","0.1","0.0","0.1","3.5","0.6","0.7","0.1","0.3","0.1","4.1","7.5","1.1","0.3","0.1","1.8","0.7","5.4","0.9","16.1","1.9","0.7","5.3","7.8","68.3","2.2","2.4","23.0","1.8","5.8","0.2","0.2","0.8","9.4","1.2","77.0","1.8","9.2","3175","3.6","0.6","4.5","0.1","0.7","3.0","1.2","1.3","39.5","1.1","4.3","1.1","112"
"0400000US04","Arizona","962561","11844","5.4","0.3","13.2","0.6","19.4","0.6","18.5","0.6","21.4","0.6","15.3","0.5","6.9","0.4","178200","2303","14.7","0.5","3.7","0.3","11.0","0.5","0.7","0.1","84.6","0.5","3.1","0.3","8.3","0.4","7.5","0.4","13.3","0.5","20.7","0.7","15.8","0.6","18.3","0.7","13.1","0.6","71112","829","35.6","0.7","24.2","0.7","14.2","0.5","25.0","0.8","0.2","0.1","0.3","0.1","0.8","1.5","0.2","0.2","4.0","0.3","5.5","0.3","0.3","7.8","0.4","19.3","0.6","15.2","0.5","18.9","0.6","17.5","0.5","1277","11","1.0","0.2","0.1","2.6","6.5","0.0","0.1","0.1","0.1","7.0","0.4","0.5","0.1","1.5","0.2","8.9","13.3","0.5","1.6","0.2","4.7","0.3","6.9","0.4","20.7","0.7","0.4","8.7","5.5","47.1","0.7","0.7","11.2","0.4","3.1","1.0","0.2","0.5","35.3","0.6","43.2","0.6","2.8","1394","7.1","0.4","10.8","0.4","0.5","6.5","0.4","0.3","32.8","0.3","18.7","0.2","11"
"0400000US05","Arkansas","412235","8171","11.3","0.7","26.7","1.0","23.8","0.9","16.2","0.8","13.3","0.9","6.3","0.6","2.4","0.4","124700","2422","7.0","0.4","3.0","0.4","4.1","0.4","0.2","0.1","92.7","0.5","3.2","0.4","10.7","0.6","9.2","0.8","14.9","1.0","21.9","1.0","15.5","0.9","16.1","0.9","8.6","0.6","62241","1229","51.6","1.2","21.8","1.1","10.4","0.8","15.4","0.8","0.2","0.1","0.2","0.1","1.3","3.9","0.4","0.6","9.7","0.7","11.1","0.8","0.8","9.6","0.7","19.0","1.1","10.6","0.8","11.3","0.8","7.1","0.6","979","12","0.7","0.1","0.2","6.2","10.0","0.1","0.1","0.2","0.1","8.8","0.6","0.8","0.2","4.1","0.5","8.4","14.9","1.0","4.2","0.5","6.6","0.5","4.1","0.4","21.9","1.0","0.8","7.8","2.3","40.2","1.2","1.1","5.7","0.6","1.1","0.7","0.2","1.2","27.6","1.1","19.6","0.9","5.7","800","9.1","0.6","13.2","0.7","0.7","11.8","0.7","0.4","33.4","0.3","47.1","0.6","19"
"0400000US06","California","4941183","28332","2.8","0.1","3.2","0.1","5.7","0.1","8.0","0.2","16.3","0.2","29.2","0.3","34.9","0.3","383200","1717","18.5","0.3","4.7","0.1","13.8","0.2","1.1","0.1","80.4","0.3","2.2","0.1","5.6","0.2","5.0","0.1","9.1","0.2","16.8","0.2","14.8","0.2","21.7","0.3","25.0","0.3","93538","782","16.3","0.2","18.8","0.3","16.6","0.3","47.5","0.4","0.1","0.1","0.2","0.1","0.4","0.6","0.1","0.1","1.3","0.1","1.6","0.1","0.1","2.5","0.1","8.1","0.2","9.9","0.2","20.4","0.3","52.1","0.3","2059","9","0.7","0.1","0.1","1.0","2.1","0.0","0.1","0.0","0.1","4.8","0.1","0.2","0.1","0.4","0.1","6.6","9.1","0.2","0.5","0.1","1.3","0.1","7.3","0.2","16.8","0.2","0.1","4.7","10.1","61.4","0.3","0.3","21.1","0.3","12.9","0.7","0.1","0.2","11.7","0.2","81.2","0.3","1.7","3412","4.8","0.1","7.2","0.2","0.2","2.0","0.1","0.2","27.4","0.2","5.4","0.1","22"
"0400000US08","Colorado","934605","10783","3.4","0.3","4.7","0.3","10.4","0.5","16.6","0.5","29.4","0.7","23.9","0.6","11.6","0.4","246500","1831","18.7","0.6","7.0","0.4","11.7","0.4","0.8","0.2","80.4","0.5","1.9","0.2","5.7","0.4","6.0","0.4","10.9","0.5","18.8","0.6","17.2","0.6","21.5","0.6","17.9","0.6","84267","1316","25.5","0.6","27.6","0.7","17.5","0.6","28.9","0.7","0.1","0.1","0.2","0.1","0.6","0.9","0.1","0.2","2.3","0.2","3.1","0.3","0.3","4.7","0.3","15.0","0.5","16.6","0.5","25.1","0.7","25.8","0.7","1516","13","0.5","0.1","0.1","1.5","4.1","0.0","0.1","0.1","0.1","4.8","0.3","0.4","0.1","0.8","0.2","7.3","10.9","0.5","1.0","0.2","2.8","0.3","7.1","0.4","18.8","0.6","0.3","8.1","6.7","56.7","0.8","0.6","15.9","0.6","4.1","0.5","0.1","0.6","31.3","0.6","51.3","0.6","1.3","1558","4.9","0.3","8.3","0.2","0.4","4.0","0.4","0.4","36.6","0.3","16.1","0.2","17"
"0400000US09","Connecticut","614989","8583","2.7","0.3","2.9","0.4","8.9","0.6","15.6","0.7","26.7","0.8","26.8","0.8","16.5","0.5","272800","3245","20.6","0.8","4.6","0.4","16.1","0.7","0.7","0.1","78.7","0.8","1.4","0.2","3.8","0.4","3.8","0.4","7.5","0.5","16.8","0.8","16.0","0.7","24.0","0.9","26.8","0.9","100866","1110","30.4","0.9","27.5","0.9","15.6","0.7","26.0","0.8","0.1","0.1","0.1","0.1","0.1","0.2","0.1","0.1","0.8","0.2","1.2","0.2","0.2","1.7","0.3","7.6","0.5","10.7","0.5","26.4","0.8","49.3","1.0","1986","19","0.5","0.1","0.1","0.5","1.4","0.0","0.1","0.0","0.1","3.0","0.3","0.5","0.1","0.2","0.1","5.3","7.5","0.5","0.3","0.1","1.0","0.2","6.3","0.5","16.8","0.8","0.3","4.8","10.5","66.8","0.9","0.9","22.6","0.9","10.1","0.5","0.1","0.2","1.6","0.2","94.9","0.4","1.4","5399","3.0","0.3","5.5","0.0","0.5","1.5","0.4","0.6","34.1","0.6","2.1","0.2","70"
"0400000US10","Delaware","165067","4059","4.3","0.7","4.4","0.7","10.1","1.1","19.1","1.4","31.0","1.8","24.7","1.5","6.5","0.8","233900","4465","17.3","1.5","3.7","0.7","13.6","1.3","0.9","0.4","81.8","1.5","2.3","0.5","5.9","0.8","6.4","1.0","11.0","1.2","20.4","1.5","16.2","1.4","20.6","1.6","17.2","1.3","80332","2108","29.0","1.6","28.0","1.8","14.3","1.4","28.1","1.6","0.3","0.1","0.3","0.2","0.7","1.1","0.4","0.5","2.2","0.5","3.7","0.7","0.7","5.5","0.9","13.8","1.2","16.1","1.6","27.8","1.6","22.4","1.5","1504","29","0.6","0.0","0.2","2.0","4.2","0.1","0.1","0.0","0.1","5.4","0.8","1.1","0.1","0.9","0.3","7.5","11.0","1.2","1.2","0.4","2.8","0.5","7.0","0.9","20.4","1.5","0.9","8.4","7.3","54.0","1.7","2.0","14.8","1.5","3.4","0.6","0.3","1.4","32.6","1.5","42.4","1.5","2.9","1366","5.5","0.8","8.5","0.1","1.0","4.6","1.1","1.0","35.9","0.7","22.2","0.6","32"
"0400000US11","District of Columbia","84271","3620","3.0","0.7","1.8","0.6","1.5","0.6","3.9","0.9","12.6","1.3","30.7","2.1","46.5","2.1","472200","16070","19.4","1.9","6.2","1.2","13.2","1.4","1.1","0.5","79.5","1.9","2.5","0.8","3.1","0.8","3.3","1.0","5.3","1.1","12.1","1.9","13.5","2.1","20.8","1.8","39.5","2.5","123456","6108","15.9","1.7","20.6","2.0","20.5","2.1","42.4","2.4","0.4","0.1","0.5","0.3","0.5","0.4","0.2","0.4","0.6","0.3","2.0","0.7","0.5","2.1","0.7","6.5","1.3","7.9","1.2","18.7","2.0","58.4","2.3","2236","62","0.7","0.1","0.3","0.9","1.6","0.0","0.1","0.1","0.1","4.2","1.0","1.1","0.2","0.2","0.2","3.6","5.3","1.1","0.5","0.4","1.1","0.5","3.8","0.9","12.1","1.9","0.7","3.3","6.8","73.7","2.4","2.6","23.6","2.3","10.1","0.7","0.4","1.3","14.8","1.6","72.9","1.7","3.8","2794","4.3","1.0","3.9","0.2","1.1","2.0","0.9","1.5","40.1","1.6","8.5","0.8","113"
"0400000US12","Florida","2766041","21294","6.6","0.3","18.5","0.4","19.1","0.4","17.3","0.4","18.8","0.3","12.9","0.3","6.7","0.2","163600","1056","16.5","0.4","3.7","0.2","12.7","0.3","0.7","0.1","82.8","0.4","3.2","0.2","10.2","0.3","8.3","0.3","13.6","0.3","21.2","0.4","15.0","0.4","16.4","0.4","12.1","0.3","66386","676","39.4","0.4","22.3","0.4","12.1","0.3","25.3","0.4","0.1","0.1","0.3","0.1","0.7","1.4","0.1","0.2","4.0","0.2","5.2","0.2","0.2","6.5","0.2","16.3","0.4","14.7","0.3","19.4","0.4","22.8","0.4","1368","8","0.9","0.1","0.1","2.5","6.0","0.0","0.1","0.1","0.1","8.5","0.3","0.4","0.1","1.5","0.1","10.4","13.6","0.3","1.5","0.1","4.1","0.2","8.0","0.3","21.2","0.4","0.2","8.3","7.2","43.4","0.5","0.4","11.9","0.3","4.6","0.9","0.1","0.4","23.9","0.4","55.9","0.5","3.0","1808","8.6","0.3","12.2","0.4","0.3","5.7","0.2","0.3","26.9","0.2","17.2","0.2","20"
"0400000US13","Georgia","1501828","15909","7.7","0.3","20.6","0.6","20.7","0.6","17.3","0.6","16.7","0.5","11.9","0.4","5.2","0.3","152400","1597","16.1","0.5","5.1","0.3","11.0","0.4","0.7","0.1","83.2","0.5","3.3","0.3","8.0","0.4","7.5","0.4","12.4","0.4","20.7","0.5","16.3","0.5","18.1","0.5","13.8","0.5","72247","919","47.1","0.6","22.8","0.6","11.0","0.5","18.3","0.5","0.1","0.1","0.2","0.1","0.5","1.7","0.2","0.2","4.2","0.3","5.7","0.3","0.3","7.4","0.3","18.6","0.5","16.0","0.4","18.8","0.5","17.6","0.5","1288","9","0.8","0.1","0.1","2.8","6.4","0.0","0.1","0.1","0.1","7.3","0.4","0.4","0.1","1.4","0.2","8.8","12.4","0.4","1.5","0.2","4.4","0.3","6.5","0.4","20.7","0.5","0.3","8.8","5.0","48.2","0.7","0.7","11.0","0.4","3.0","0.8","0.1","0.5","27.9","0.6","49.2","0.7","2.0","1507","7.4","0.4","10.5","0.3","0.4","6.8","0.4","0.3","34.3","0.2","20.9","0.2","22"
"0400000US15","Hawaii","171544","4301","1.5","0.4","1.1","0.3","1.8","0.5","3.3","0.7","11.0","1.2","31.2","1.6","50.0","1.6","500400","12791","21.1","1.5","3.4","0.7","17.7","1.3","0.8","0.3","78.1","1.5","1.7","0.5","4.9","0.9","4.5","0.7","6.9","0.8","16.4","1.5","16.0","1.1","26.0","1.7","23.6","1.4","99096","3228","7.7","0.9","11.5","1.1","17.9","1.4","62.3","1.8","0.3","0.1","0.1","0.1","0.3","0.5","0.2","0.3","1.4","0.4","1.6","0.5","0.5","1.9","0.3","6.3","0.9","7.1","0.8","19.9","1.4","58.3","1.9","2220","46","0.5","0.0","0.1","1.0","1.8","0.0","0.1","0.0","0.1","4.4","0.8","0.8","0.1","0.5","0.2","5.6","6.9","0.8","0.4","0.2","0.6","0.2","5.8","0.8","16.4","1.5","0.5","3.0","11.4","65.5","1.8","1.4","24.0","1.5","16.2","0.5","0.3","1.6","26.0","1.6","44.6","1.6","5.3","1435","4.4","0.8","6.2","0.0","0.8","2.0","0.6","1.2","25.4","1.3","24.1","0.9","37"
"0400000US16","Idaho","271460","6710","4.3","0.6","13.2","1.0","25.0","1.4","23.1","1.2","19.6","1.3","10.6","1.0","4.2","0.6","162700","2361","15.6","0.9","5.2","0.7","10.4","0.9","0.7","0.3","83.8","1.0","2.5","0.5","7.9","0.8","9.4","1.0","15.5","1.0","25.4","1.6","17.5","1.3","14.2","1.2","7.7","0.8","63271","1645","31.9","1.3","27.8","1.3","14.7","1.1","25.1","1.3","0.2","0.2","0.5","0.2","0.9","1.9","0.4","0.5","4.8","0.6","7.1","0.8","0.9","10.5","1.0","21.5","1.3","15.6","1.1","15.2","1.2","9.8","1.0","1142","16","0.6","0.3","0.2","3.1","8.7","0.0","0.1","0.2","0.1","5.9","0.7","1.1","0.2","2.4","0.5","10.1","15.5","1.0","2.2","0.4","6.0","0.7","7.3","0.8","25.4","1.6","1.1","10.6","4.7","39.3","1.5","1.5","9.4","1.0","1.9","0.6","0.2","1.2","42.7","1.6","32.6","1.5","2.9","1215","6.1","0.7","13.1","0.5","0.9","10.1","1.0","0.8","28.0","0.4","21.7","0.6","23"
"0400000US17","Illinois","2070243","16361","5.5","0.2","16.1","0.3","17.1","0.4","17.2","0.4","21.2","0.5","15.3","0.4","7.6","0.3","179700","1476","17.4","0.3","3.6","0.2","13.8","0.3","0.6","0.1","82.0","0.3","2.2","0.2","6.2","0.2","6.1","0.3","10.6","0.3","19.6","0.4","16.6","0.4","21.1","0.4","17.5","0.4","81661","496","45.3","0.6","23.8","0.5","11.6","0.3","18.9","0.4","0.1","0.1","0.2","0.1","0.6","1.2","0.1","0.1","3.1","0.2","3.9","0.2","0.2","4.9","0.2","12.7","0.3","13.8","0.4","22.7","0.4","30.6","0.4","1565","9","0.5","0.1","0.1","1.9","4.4","0.0","0.1","0.1","0.1","5.3","0.3","0.3","0.1","1.1","0.1","7.1","10.6","0.3","1.1","0.1","2.8","0.2","6.7","0.3","19.6","0.4","0.2","6.9","7.7","55.3","0.5","0.5","16.2","0.4","5.7","0.5","0.1","0.2","7.6","0.2","85.8","0.3","1.2","4327","5.4","0.3","8.6","0.3","0.2","5.0","0.3","0.3","33.4","0.2","5.4","0.1","29"
"0400000US18","Indiana","1144762","10514","7.5","0.3","25.8","0.5","26.1","0.6","17.1","0.5","14.2","0.5","7.1","0.4","2.2","0.2","129900","1267","15.5","0.5","3.6","0.3","11.9","0.5","0.6","0.1","83.9","0.5","2.2","0.2","8.1","0.4","8.1","0.4","14.3","0.5","23.0","0.6","17.8","0.6","17.6","0.5","8.9","0.4","68672","847","52.3","0.7","23.5","0.6","9.7","0.5","14.1","0.5","0.1","0.1","0.3","0.1","0.9","2.6","0.2","0.3","7.1","0.3","8.8","0.3","0.4","10.2","0.5","20.4","0.6","13.3","0.5","12.9","0.5","8.5","0.4","1062","8","0.4","0.1","0.1","4.9","10.0","0.0","0.1","0.2","0.1","6.4","0.4","0.4","0.1","2.7","0.2","8.0","14.3","0.5","3.0","0.2","6.5","0.3","4.8","0.3","23.0","0.6","0.4","8.5","2.8","44.3","0.6","0.7","7.0","0.4","1.3","0.4","0.1","0.6","29.7","0.6","34.2","0.6","2.1","1141","6.6","0.4","11.3","0.7","0.4","11.7","0.4","0.3","36.1","0.2","33.9","0.2","14"
"0400000US19","Iowa","535434","7123","7.7","0.4","24.1","0.7","24.3","0.7","18.5","0.7","15.7","0.8","7.8","0.5","1.9","0.2","136600","1933","14.7","0.7","4.2","0.4","10.5","0.6","0.4","0.1","84.8","0.7","1.7","0.2","6.0","0.4","7.0","0.5","13.3","0.6","23.2","0.8","19.1","0.6","19.8","0.8","10.0","0.6","73661","940","55.6","0.9","23.3","0.7","9.7","0.6","11.1","0.6","0.1","0.1","0.2","0.1","0.9","1.9","0.2","0.3","6.4","0.4","8.3","0.5","0.5","9.6","0.6","20.1","0.7","14.6","0.6","14.6","0.6","10.2","0.6","1118","9","0.3","0.1","0.2","3.8","9.3","0.0","0.1","0.2","0.1","4.4","0.4","0.5","0.1","2.3","0.3","7.0","13.3","0.6","2.5","0.2","5.5","0.5","5.2","0.4","23.2","0.8","0.6","8.9","2.9","48.9","0.8","0.8","8.2","0.5","1.4","0.3","0.1","0.5","22.8","0.8","64.6","0.8","1.2","2026","4.5","0.4","9.8","0.5","0.5","11.4","0.5","0.4","39.3","0.2","11.4","0.2","37"
"0400000US20","Kansas","444794","6546","8.8","0.5","21.4","0.9","20.9","0.7","19.6","0.9","17.2","0.8","9.2","0.5","2.9","0.3","147400","2519","11.5","0.7","3.2","0.3","8.3","0.7","0.5","0.2","88.0","0.7","2.1","0.3","5.7","0.4","6.4","0.6","11.9","0.6","22.5","0.9","18.5","0.8","20.0","0.9","12.8","0.8","76344","1007","55.6","1.2","23.3","0.9","9.0","0.6","11.6","0.7","0.2","0.1","0.2","0.1","0.6","1.8","0.3","0.4","4.5","0.4","6.7","0.6","0.6","7.4","0.5","18.5","0.7","16.5","0.8","18.6","0.9","14.3","0.7","1241","14","0.5","0.0","0.2","3.3","7.5","0.0","0.1","0.1","0.1","4.7","0.5","0.6","0.1","1.9","0.3","6.6","11.9","0.6","2.0","0.3","4.9","0.4","5.0","0.5","22.5","0.9","0.5","9.8","3.6","51.4","1.1","1.0","11.2","0.7","2.2","0.5","0.2","0.6","23.1","1.0","64.3","1.0","1.4","1986","4.8","0.5","9.0","0.5","0.5","9.1","0.7","0.3","37.9","0.3","11.3","0.2","30"
"0400000US21","Kentucky","676847","10651","9.3","0.5","21.9","0.7","24.6","0.8","17.8","0.7","15.4","0.7","8.2","0.4","2.8","0.3","137400","2000","15.3","0.6","3.6","0.4","11.7","0.5","0.6","0.1","84.1","0.6","3.3","0.4","9.1","0.5","8.1","0.5","13.7","0.6","22.8","0.8","16.3","0.7","17.6","0.7","9.0","0.6","66230","873","47.9","0.9","24.3","0.6","10.6","0.5","16.6","0.6","0.1","0.1","0.6","0.1","1.5","3.2","0.3","0.3","6.9","0.5","8.7","0.6","0.5","9.3","0.5","19.3","0.6","13.3","0.6","13.4","0.7","9.6","0.5","1074","11","0.5","0.2","0.2","4.9","9.0","0.1","0.1","0.4","0.1","7.9","0.5","0.6","0.2","3.0","0.3","7.8","13.7","0.6","2.8","0.3","5.7","0.4","5.2","0.4","22.8","0.8","0.6","8.2","3.1","43.0","1.0","0.9","7.6","0.5","1.5","0.5","0.1","0.7","32.5","0.9","34.8","0.8","3.3","1202","8.4","0.5","11.6","0.8","0.5","11.4","0.5","0.3","33.9","0.2","29.4","0.3","15"
"0400000US22","Louisiana","615525","10381","8.3","0.5","15.4","0.7","20.5","0.7","21.1","0.8","20.5","0.8","10.9","0.6","3.3","0.3","161400","1585","10.7","0.6","3.2","0.4","7.5","0.4","0.6","0.2","88.7","0.6","2.8","0.3","8.4","0.5","7.6","0.6","12.1","0.7","19.8","0.8","16.3","0.8","19.9","0.8","13.1","0.7","73786","1607","45.1","1.1","23.3","0.8","11.8","0.7","19.3","0.8","0.1","0.1","0.2","0.1","1.0","2.4","0.3","0.4","6.5","0.5","7.1","0.5","0.6","7.7","0.6","19.4","0.9","14.4","0.8","16.0","0.8","13.0","0.6","1166","12","0.5","0.1","0.2","4.5","7.6","0.0","0.1","0.2","0.1","7.2","0.5","0.6","0.1","2.0","0.2","8.5","12.1","0.7","2.0","0.3","4.2","0.4","5.9","0.5","19.8","0.8","0.6","7.8","3.7","49.3","1.0","1.0","9.2","0.6","2.0","0.5","0.1","1.0","19.0","0.8","25.5","0.9","17.4","903","7.4","0.5","10.9","0.4","0.6","8.3","0.5","0.4","38.1","0.3","38.1","0.6","30"
"0400000US23","Maine","236223","5794","5.0","0.6","12.3","1.0","19.4","1.2","20.8","1.1","23.9","1.2","13.9","0.9","4.7","0.6","178800","3137","18.8","1.1","2.8","0.5","16.1","1.1","0.5","0.2","80.7","1.1","1.8","0.3","8.1","0.7","8.0","0.9","13.5","0.9","22.8","1.1","19.0","1.0","16.7","1.0","10.0","0.9","70181","1490","35.5","1.4","26.0","1.2","13.8","1.0","24.3","1.2","0.2","0.1","0.5","0.2","0.7","1.9","0.3","0.5","4.2","0.5","6.0","0.7","0.8","7.2","0.6","18.5","1.1","16.9","1.0","18.9","1.2","15.5","0.9","1268","19","0.4","0.0","0.2","3.2","6.7","0.0","0.1","0.1","0.1","6.1","0.7","0.9","0.1","1.6","0.3","9.3","13.5","0.9","1.8","0.4","4.2","0.6","7.5","0.8","22.8","1.1","0.7","10.1","5.4","45.8","1.3","1.2","11.6","0.9","3.2","0.4","0.2","0.7","18.6","1.1","73.8","1.3","0.5","2337","6.2","0.6","11.3","0.4","0.8","7.3","0.8","0.6","31.0","0.6","7.0","0.2","47"
"0400000US24","Maryland","1064385","10849","3.1","0.2","3.6","0.2","7.2","0.4","12.7","0.5","26.6","0.7","29.5","0.7","17.3","0.5","287600","2570","20.6","0.5","4.8","0.3","15.7","0.4","0.8","0.1","78.6","0.5","1.7","0.2","4.0","0.3","4.1","0.3","7.6","0.4","16.3","0.5","15.6","0.4","24.2","0.7","26.4","0.6","100730","801","27.7","0.6","27.0","0.6","17.4","0.5","27.5","0.7","0.1","0.1","0.2","0.1","0.4","0.8","0.1","0.1","1.6","0.1","1.7","0.2","0.2","2.7","0.2","9.1","0.4","11.4","0.5","25.3","0.6","43.5","0.7","1867","13","0.4","0.0","0.1","1.0","2.3","0.0","0.1","0.0","0.1","3.6","0.3","0.4","0.1","0.4","0.1","5.3","7.6","0.4","0.5","0.1","1.4","0.2","5.7","0.3","16.3","0.5","0.2","5.5","8.6","66.2","0.7","0.6","21.7","0.6","8.4","0.4","0.1","0.3","8.2","0.4","86.4","0.5","2.2","3193","3.6","0.3","5.8","0.1","0.4","2.2","0.3","0.4","36.1","0.4","3.2","0.2","33"
"0400000US25","Massachusetts","1096091","12763","2.8","0.2","1.5","0.1","4.9","0.3","9.6","0.4","24.2","0.7","35.8","0.6","21.2","0.5","330600","2507","21.0","0.5","4.0","0.3","17.0","0.5","0.8","0.1","78.2","0.5","1.6","0.2","4.1","0.3","4.1","0.3","7.1","0.4","16.3","0.6","16.0","0.6","24.7","0.7","26.1","0.6","100943","887","22.0","0.6","26.2","0.6","17.5","0.6","34.0","0.8","0.1","0.1","0.1","0.1","0.3","0.5","0.1","0.1","1.2","0.2","1.5","0.2","0.2","2.5","0.2","7.6","0.4","10.4","0.4","24.4","0.6","48.8","0.6","1976","12","0.4","0.1","0.1","0.9","1.7","0.0","0.1","0.0","0.1","3.5","0.3","0.4","0.1","0.3","0.1","5.4","7.1","0.4","0.3","0.1","1.1","0.1","5.7","0.3","16.3","0.6","0.2","4.7","9.6","66.8","0.7","0.6","22.1","0.5","9.5","0.4","0.1","0.2","5.6","0.3","90.9","0.4","1.4","3971","3.6","0.3","5.8","0.1","0.4","2.0","0.3","0.5","35.2","0.4","2.1","0.2","30"
"0400000US26","Michigan","1668979","13381","11.6","0.3","24.7","0.5","20.9","0.4","17.0","0.3","15.1","0.4","8.2","0.3","2.6","0.2","130200","1323","17.7","0.4","4.1","0.2","13.6","0.3","0.6","0.1","81.7","0.4","2.5","0.1","7.9","0.3","7.8","0.3","13.2","0.4","22.0","0.4","16.9","0.4","18.2","0.4","11.6","0.3","70833","468","56.0","0.5","20.9","0.4","8.9","0.3","13.8","0.3","0.1","0.1","0.2","0.1","0.6","1.7","0.1","0.2","4.8","0.2","6.8","0.3","0.2","8.5","0.3","19.3","0.4","15.3","0.4","17.8","0.4","13.5","0.3","1207","7","0.5","0.0","0.1","3.3","8.0","0.0","0.1","0.1","0.1","6.7","0.3","0.3","0.1","2.0","0.1","8.5","13.2","0.4","1.8","0.1","5.2","0.2","6.1","0.3","22.0","0.4","0.3","9.3","4.3","46.6","0.5","0.5","9.9","0.3","2.0","0.5","0.1","0.2","20.0","0.4","70.4","0.5","2.8","2277","6.8","0.2","10.9","0.4","0.3","8.5","0.3","0.2","34.7","0.1","6.8","0.2","17"
"0400000US27","Minnesota","1024416","9407","4.4","0.2","9.6","0.3","18.7","0.5","21.7","0.5","24.5","0.6","15.5","0.4","5.8","0.3","188700","1643","20.1","0.5","5.5","0.3","14.6","0.4","0.8","0.1","79.2","0.5","1.4","0.1","5.0","0.3","5.3","0.2","10.3","0.4","21.0","0.6","18.7","0.5","22.7","0.5","15.6","0.4","83418","1074","41.8","0.6","27.7","0.6","12.7","0.5","17.5","0.5","0.1","0.1","0.2","0.1","0.4","1.0","0.1","0.2","3.0","0.2","3.8","0.3","0.3","5.9","0.3","16.3","0.5","16.2","0.5","23.7","0.6","22.3","0.5","1438","10","0.3","0.1","0.1","2.1","5.0","0.0","0.1","0.1","0.1","3.9","0.3","0.3","0.1","1.0","0.1","6.2","10.3","0.4","1.2","0.1","3.3","0.3","5.7","0.3","21.0","0.6","0.3","9.3","6.3","57.0","0.6","0.7","15.9","0.5","3.5","0.3","0.1","0.3","19.3","0.4","70.0","0.5","1.2","2260","4.0","0.3","7.4","0.2","0.3","5.4","0.4","0.4","37.6","0.2","9.5","0.1","20"
"0400000US28","Mississippi","380070","7669","13.1","0.9","27.8","1.2","19.4","1.1","16.8","1.1","15.0","0.9","5.8","0.6","2.0","0.3","121700","3153","9.0","0.7","2.7","0.4","6.3","0.7","0.5","0.2","90.5","0.8","3.9","0.5","12.2","1.0","9.6","0.8","13.9","0.9","22.5","1.1","15.1","1.0","14.7","1.0","8.1","0.6","60551","1155","49.9","1.4","21.8","1.0","10.4","0.9","17.2","1.3","0.2","0.1","0.3","0.1","1.3","3.5","0.5","0.5","7.9","0.5","10.6","0.9","0.8","9.3","0.8","18.8","0.9","12.7","1.0","12.5","0.8","7.6","0.6","1021","15","0.7","0.1","0.3","5.7","9.9","0.0","0.1","0.4","0.2","10.7","0.9","0.9","0.2","2.8","0.4","10.6","13.9","0.9","2.8","0.4","6.0","0.6","5.2","0.6","22.5","1.1","0.6","9.4","2.8","37.9","1.2","1.1","6.4","0.7","1.1","0.7","0.2","1.4","26.9","1.2","23.8","1.2","11.7","944","11.1","0.9","14.0","0.6","0.9","10.3","0.8","0.4","30.5","0.3","37.6","0.9","27"
"0400000US29","Missouri","997093","10336","8.0","0.4","21.1","0.6","23.5","0.7","18.3","0.6","16.8","0.5","8.8","0.4","3.6","0.2","144200","1588","13.1","0.5","3.6","0.3","9.5","0.4","0.5","0.1","86.5","0.5","2.5","0.2","8.2","0.4","7.6","0.4","13.3","0.5","22.8","0.7","17.0","0.5","17.5","0.5","11.2","0.5","69881","783","49.1","0.8","23.6","0.7","10.5","0.5","16.3","0.6","0.1","0.1","0.2","0.1","0.9","2.2","0.2","0.3","5.5","0.3","7.2","0.4","0.4","8.5","0.5","20.7","0.6","14.8","0.5","16.0","0.5","11.9","0.5","1162","7","0.5","0.1","0.1","4.1","8.1","0.0","0.1","0.1","0.1","6.8","0.4","0.4","0.1","2.2","0.2","8.2","13.3","0.5","2.3","0.2","5.5","0.3","5.6","0.3","22.8","0.7","0.5","9.7","4.0","45.6","0.8","0.7","8.4","0.4","1.8","0.5","0.1","0.5","27.9","0.6","48.7","0.7","1.6","1487","6.9","0.4","10.9","0.4","0.4","9.1","0.5","0.3","35.4","0.2","21.9","0.2","17"
"0400000US30","Montana","153850","3948","5.6","0.8","7.8","0.8","13.4","1.1","21.2","1.5","27.9","1.7","17.3","1.3","6.7","1.0","206200","5020","11.1","1.1","3.6","0.6","7.5","0.8","0.5","0.3","88.4","1.1","1.8","0.4","7.2","1.0","8.0","0.9","13.7","1.1","24.6","1.8","17.1","1.3","17.6","1.4","9.9","1.1","69020","2077","28.6","1.8","25.8","1.8","15.9","1.5","29.3","1.8","0.2","0.1","0.2","0.1","1.0","1.7","0.4","0.6","4.6","0.8","5.3","0.7","0.9","7.8","1.0","18.2","1.4","18.0","1.5","19.8","1.4","12.9","1.1","1259","23","0.4","0.0","0.3","3.8","6.7","0.1","0.1","0.1","0.1","5.3","0.8","1.0","0.2","1.9","0.5","8.9","13.7","1.1","2.0","0.5","5.2","0.7","6.5","1.0","24.6","1.8","0.9","11.6","6.0","44.6","1.9","1.8","10.5","1.1","2.1","0.4","0.2","1.0","28.5","1.5","58.0","1.7","2.7","1732","5.5","0.8","11.2","0.3","1.0","7.0","1.5","0.8","32.0","0.5","10.8","0.5","37"
"0400000US31","Nebraska","298441","5991","6.6","0.5","19.4","0.9","29.1","1.0","18.5","1.0","16.9","0.9","7.1","0.6","2.3","0.3","141500","1785","13.2","0.8","4.4","0.5","8.8","0.6","0.4","0.1","86.4","0.9","1.8","0.3","5.3","0.5","6.9","0.7","12.4","0.8","23.1","1.0","19.0","1.0","20.6","0.8","11.0","0.7","75538","1069","54.7","1.1","23.7","1.0","9.0","0.7","12.1","0.8","0.2","0.1","0.2","0.1","0.4","1.3","0.2","0.3","4.3","0.4","5.9","0.5","0.6","8.2","0.6","21.3","0.9","18.2","1.0","16.6","0.9","13.2","0.7","1226","12","0.5","0.1","0.1","3.1","7.3","0.0","0.1","0.0","0.1","4.1","0.4","0.7","0.1","1.7","0.3","7.4","12.4","0.8","1.9","0.3","5.1","0.5","5.4","0.6","23.1","1.0","0.6","10.2","4.2","50.6","1.1","1.0","10.5","0.7","2.0","0.5","0.2","0.5","14.3","0.7","77.2","1.0","1.8","2595","4.2","0.4","9.3","0.3","0.7","8.6","0.8","0.5","38.0","0.3","6.8","0.3","35"
"0400000US32","Nevada","380750","6579","5.6","0.5","14.4","0.8","20.3","0.8","19.7","1.0","22.9","1.1","13.1","0.7","4.0","0.3","169000","1913","14.2","0.8","5.0","0.5","9.3","0.7","0.6","0.2","85.1","0.8","2.4","0.4","7.8","0.6","7.9","0.7","12.6","0.8","22.8","1.0","16.2","0.8","18.7","1.0","11.6","0.7","70521","1295","40.4","1.3","23.7","1.1","12.7","0.8","22.5","1.2","0.2","0.1","0.4","0.1","0.6","0.7","0.2","0.3","3.1","0.3","4.3","0.5","0.6","6.3","0.6","18.8","1.1","16.5","0.9","21.4","0.9","19.4","0.8","1361","16","0.7","0.2","0.1","2.0","6.1","0.0","0.1","0.1","0.1","6.1","0.6","0.7","0.1","1.1","0.2","9.9","12.6","0.8","1.2","0.2","3.6","0.4","7.8","0.6","22.8","1.0","0.5","9.7","7.6","46.5","1.1","1.1","11.5","0.7","4.4","0.7","0.2","0.9","31.7","1.1","47.2","1.2","3.2","1474","6.2","0.6","11.2","0.2","0.7","5.5","0.8","0.7","30.6","0.5","17.9","0.4","24"
"0400000US33","New Hampshire","247501","5767","3.6","0.5","4.0","0.6","9.9","1.0","17.3","1.2","34.7","1.6","25.0","1.2","5.4","0.5","239500","3748","18.6","1.1","3.2","0.5","15.5","1.0","0.7","0.2","80.6","1.1","1.3","0.3","4.1","0.6","4.2","0.6","9.6","0.8","19.7","1.3","18.3","1.2","25.1","1.3","17.6","1.2","89198","2218","32.3","1.5","29.2","1.3","15.0","1.2","23.2","1.4","0.2","0.1","0.2","0.1","0.2","0.5","0.2","0.3","1.2","0.4","1.7","0.3","0.5","2.8","0.4","10.2","0.9","14.4","1.1","28.4","1.3","37.0","1.7","1778","30","0.3","0.0","0.1","0.9","2.5","0.0","0.1","0.0","0.1","3.4","0.5","0.6","0.1","0.3","0.1","5.4","9.6","0.8","0.6","0.2","1.2","0.3","7.8","0.8","19.7","1.3","0.5","7.5","9.9","61.0","1.3","1.4","22.5","1.2","7.1","0.3","0.2","0.5","2.1","0.4","94.2","0.7","1.0","5269","3.5","0.5","5.8","0.1","0.6","2.3","0.9","1.0","31.4","0.7","2.7","0.3","90"
"0400000US34","New Jersey","1404337","13678","3.1","0.2","2.6","0.3","5.6","0.3","10.4","0.4","25.4","0.5","33.0","0.5","19.9","0.5","314200","2508","19.8","0.5","2.9","0.2","16.9","0.4","0.9","0.1","79.4","0.5","1.8","0.2","4.3","0.3","3.8","0.2","7.4","0.4","15.1","0.4","14.7","0.5","24.1","0.5","28.8","0.6","104023","1435","26.6","0.6","26.3","0.5","15.9","0.5","30.8","0.5","0.1","0.1","0.1","0.1","0.2","0.4","0.1","0.1","0.6","0.1","0.9","0.1","0.1","1.5","0.1","5.3","0.3","7.6","0.3","19.5","0.5","62.1","0.7","2296","15","0.5","0.0","0.1","0.6","1.2","0.0","0.1","0.0","0.1","3.9","0.3","0.3","0.1","0.2","0.1","5.3","7.4","0.4","0.2","0.1","0.7","0.1","6.4","0.3","15.1","0.4","0.1","3.4","10.5","67.6","0.6","0.6","24.1","0.5","14.5","0.5","0.1","0.1","1.0","0.1","95.4","0.2","2.4","7432","3.9","0.3","5.5","0.1","0.3","1.1","0.2","0.4","29.0","0.4","1.2","0.2","50"
"0400000US35","New Mexico","290754","8189","5.9","0.6","12.1","1.0","20.5","1.2","21.7","1.1","22.2","1.2","12.0","0.8","5.7","0.7","172700","2209","10.8","0.8","3.8","0.6","7.0","0.7","0.4","0.2","88.8","0.8","4.4","0.6","10.1","0.9","7.7","0.8","12.8","0.9","20.5","1.1","15.4","1.0","18.0","1.1","11.2","1.0","68225","1823","35.7","1.1","23.8","1.2","13.7","1.1","25.6","1.4","0.4","0.1","0.1","0.1","0.9","2.0","0.4","0.6","5.3","0.6","7.1","0.8","0.8","8.2","0.7","20.1","1.1","15.1","1.1","17.4","0.9","13.0","1.0","1193","17","1.2","0.1","0.3","3.8","7.2","0.1","0.1","0.2","0.1","8.8","0.9","1.0","0.2","2.4","0.4","9.0","12.8","0.9","2.0","0.4","4.2","0.5","6.6","0.7","20.5","1.1","0.7","9.0","4.6","44.6","1.2","1.2","10.0","0.8","2.0","1.2","0.4","1.0","29.0","1.4","41.3","1.3","4.9","1342","9.1","0.9","11.8","0.4","0.9","6.8","0.9","0.5","32.6","0.4","24.9","0.6","29"
"0400000US36","New York","2425130","15788","4.0","0.1","10.2","0.3","11.3","0.3","9.9","0.3","15.4","0.3","26.3","0.4","22.8","0.4","293900","2660","18.0","0.4","2.6","0.2","15.4","0.3","0.6","0.1","81.4","0.4","1.8","0.1","5.1","0.2","4.9","0.2","8.9","0.2","17.0","0.3","16.0","0.3","23.0","0.3","23.2","0.4","93214","755","33.3","0.4","20.9","0.4","13.4","0.4","31.9","0.4","0.1","0.1","0.1","0.1","0.4","0.9","0.1","0.1","2.2","0.1","3.1","0.2","0.2","4.0","0.2","10.2","0.3","9.2","0.3","16.4","0.3","48.6","0.4","1956","13","0.5","0.1","0.1","1.3","3.5","0.0","0.1","0.0","0.1","4.2","0.2","0.2","0.1","0.7","0.1","6.2","8.9","0.2","0.7","0.1","2.2","0.1","6.0","0.2","17.0","0.3","0.2","4.9","8.4","62.2","0.4","0.5","17.7","0.3","12.8","0.5","0.1","0.2","5.5","0.2","86.4","0.3","4.7","4832","4.3","0.2","7.1","0.2","0.2","3.8","0.2","0.2","31.8","0.4","3.4","0.2","45"
"0400000US37","North Carolina","1575578","16515","5.6","0.2","15.7","0.4","21.6","0.5","19.4","0.4","19.4","0.5","12.9","0.4","5.4","0.2","165500","1320","17.4","0.4","3.4","0.2","14.1","0.4","0.6","0.1","82.0","0.5","3.0","0.2","7.9","0.4","8.1","0.3","13.5","0.4","21.9","0.5","16.5","0.5","16.9","0.4","12.1","0.3","69692","865","38.6","0.5","25.6","0.5","13.0","0.4","22.3","0.5","0.1","0.1","0.4","0.1","1.0","2.1","0.2","0.2","5.0","0.3","6.6","0.3","0.3","8.3","0.4","19.2","0.5","15.4","0.4","16.7","0.5","14.4","0.3","1205","8","0.6","0.1","0.1","3.3","7.5","0.0","0.1","0.1","0.1","7.0","0.3","0.4","0.1","2.0","0.1","8.8","13.5","0.4","2.1","0.2","5.2","0.3","6.2","0.3","21.9","0.5","0.3","9.1","4.6","45.6","0.6","0.6","9.4","0.3","2.2","0.6","0.1","0.5","32.1","0.5","45.7","0.6","1.5","1423","7.2","0.3","11.3","0.5","0.4","8.1","0.4","0.2","34.0","0.2","20.6","0.2","12"
"0400000US38","North Dakota","102470","3776","6.9","0.9","14.9","1.3","19.1","1.8","19.1","1.7","25.7","2.2","11.9","1.6","2.5","0.8","169400","4240","12.1","1.9","3.0","0.9","9.1","1.8","0.5","0.3","87.3","1.9","0.9","0.4","3.3","0.7","5.5","1.1","11.4","1.2","20.8","1.9","22.6","1.9","22.3","1.8","13.2","1.4","84279","2502","49.6","2.2","26.4","2.0","10.9","1.3","12.9","1.9","0.1","0.1","0.3","0.1","0.7","2.0","0.6","0.6","4.5","0.9","5.7","0.9","1.3","8.6","1.2","20.0","1.9","16.9","1.7","18.6","1.8","11.0","1.8","1207","26","0.2","0.0","0.3","3.3","8.3","0.0","0.1","0.1","0.1","2.1","0.6","1.2","0.2","1.7","0.5","5.3","11.4","1.2","2.2","0.6","4.3","0.8","4.9","0.9","20.8","1.9","1.3","7.4","3.7","58.0","2.3","2.4","11.3","1.4","1.6","0.2","0.1","1.4","19.4","1.7","62.8","2.0","2.4","1998","2.2","0.6","7.4","0.4","1.1","9.7","1.2","1.0","45.1","0.6","15.4","0.6","79"
"0400000US39","Ohio","1950671","14156","6.9","0.2","25.1","0.4","24.3","0.4","17.8","0.4","15.8","0.4","7.6","0.3","2.6","0.2","135900","999","19.6","0.4","4.4","0.2","15.2","0.4","0.6","0.1","79.8","0.4","2.3","0.1","7.3","0.3","7.3","0.2","13.1","0.3","21.9","0.5","17.4","0.4","18.9","0.4","11.8","0.3","72263","621","54.3","0.5","22.6","0.4","9.3","0.4","13.3","0.4","0.1","0.1","0.3","0.1","0.7","1.8","0.2","0.2","5.1","0.2","6.5","0.2","0.3","8.1","0.3","19.6","0.4","16.0","0.4","17.6","0.4","13.2","0.3","1209","7","0.4","0.1","0.1","3.2","7.9","0.0","0.1","0.1","0.1","6.0","0.3","0.3","0.1","1.9","0.1","8.0","13.1","0.3","2.0","0.1","5.3","0.2","5.8","0.2","21.9","0.5","0.3","9.3","4.2","48.0","0.6","0.5","10.3","0.3","1.9","0.4","0.1","0.2","22.1","0.4","66.9","0.4","1.2","2192","6.2","0.3","10.4","0.4","0.2","8.4","0.3","0.2","35.8","0.1","9.8","0.1","21"
"0400000US40","Oklahoma","545484","7811","9.0","0.4","25.3","0.7","25.3","0.6","18.2","0.7","13.5","0.5","6.4","0.4","2.3","0.3","130200","1796","7.5","0.4","3.4","0.3","4.1","0.3","0.6","0.1","91.9","0.4","2.5","0.3","8.2","0.5","7.9","0.5","13.9","0.6","22.8","0.7","16.9","0.6","17.9","0.6","9.9","0.6","69105","1087","54.1","0.9","22.2","0.7","9.5","0.6","13.5","0.5","0.2","0.1","0.3","0.1","0.9","2.5","0.3","0.3","6.8","0.4","8.2","0.5","0.5","9.5","0.4","20.0","0.7","13.6","0.7","14.7","0.6","9.3","0.5","1094","9","0.7","0.2","0.1","4.3","9.9","0.1","0.1","0.2","0.1","6.7","0.4","0.6","0.1","2.6","0.2","7.8","13.9","0.6","2.7","0.2","6.3","0.4","4.9","0.4","22.8","0.7","0.5","9.1","3.4","44.7","0.8","0.9","7.5","0.5","1.5","0.7","0.2","0.7","29.3","0.7","35.9","0.8","3.6","1211","7.0","0.5","11.0","0.6","0.5","10.3","0.5","0.3","35.7","0.2","31.1","0.3","16"
"0400000US41","Oregon","625278","9910","4.2","0.4","3.9","0.3","10.8","0.6","18.6","0.8","29.4","0.8","23.9","0.8","9.3","0.6","238900","2361","17.3","0.6","4.7","0.4","12.6","0.5","1.2","0.2","81.6","0.6","2.4","0.3","7.2","0.5","6.0","0.5","12.3","0.7","21.5","0.8","18.0","0.7","20.0","0.8","12.6","0.7","75704","1103","23.4","0.8","26.2","1.0","16.9","0.7","33.0","0.9","0.1","0.1","0.3","0.1","0.7","1.1","0.2","0.2","2.0","0.3","3.2","0.3","0.4","5.1","0.4","15.0","0.6","17.1","0.8","26.1","0.9","24.0","0.8","1502","15","0.5","0.1","0.2","1.5","3.8","0.0","0.1","0.1","0.1","6.0","0.5","0.5","0.1","0.7","0.1","8.1","12.3","0.7","1.0","0.2","2.7","0.3","8.5","0.6","21.5","0.8","0.5","9.0","7.9","50.6","1.0","0.9","16.2","0.6","4.7","0.5","0.1","0.5","13.9","0.7","79.2","0.8","1.5","2606","6.1","0.5","9.1","0.3","0.5","4.6","0.5","0.4","29.7","0.4","5.4","0.2","30"
"0400000US42","Pennsylvania","2078019","14241","5.9","0.2","15.3","0.3","17.5","0.4","18.1","0.4","22.1","0.4","15.4","0.3","5.8","0.2","178000","1592","18.8","0.4","3.1","0.2","15.7","0.3","0.7","0.1","80.5","0.4","2.1","0.2","6.4","0.3","6.3","0.2","11.5","0.3","20.9","0.4","17.3","0.4","20.5","0.4","14.9","0.3","78522","560","42.8","0.4","25.1","0.4","12.6","0.3","19.1","0.4","0.1","0.1","0.2","0.1","0.6","1.6","0.1","0.1","4.0","0.2","4.9","0.2","0.2","6.5","0.2","16.6","0.3","14.6","0.4","20.0","0.5","22.6","0.3","1373","7","0.4","0.0","0.1","2.7","6.0","0.0","0.1","0.1","0.1","5.4","0.2","0.2","0.1","1.3","0.1","7.3","11.5","0.3","1.5","0.1","3.9","0.2","6.1","0.2","20.9","0.4","0.2","8.2","6.1","52.8","0.4","0.4","13.5","0.3","4.0","0.4","0.1","0.3","15.1","0.3","74.2","0.4","1.0","2812","5.5","0.2","8.9","0.3","0.2","6.6","0.3","0.2","35.3","0.2","9.7","0.1","24"
"0400000US44","Rhode Island","169107","5026","3.6","0.7","2.9","0.7","11.1","1.2","21.8","1.5","28.9","1.6","22.5","1.3","9.1","1.1","233400","5061","23.6","1.6","4.5","0.8","19.1","1.5","0.5","0.2","75.9","1.6","1.4","0.4","4.8","0.8","5.2","0.8","10.5","1.2","17.6","1.5","17.8","1.4","22.4","1.4","20.3","1.3","87597","2480","33.0","1.4","27.1","1.4","14.5","1.4","25.1","1.7","0.2","0.1","0.3","0.1","0.5","0.7","0.3","0.4","0.8","0.3","1.5","0.4","0.5","2.4","0.5","9.5","1.2","14.7","1.4","29.9","1.4","36.4","1.6","1751","30","0.2","0.2","0.2","1.2","2.0","0.0","0.1","0.0","0.1","4.0","0.7","1.0","0.1","0.2","0.2","6.8","10.5","1.2","0.6","0.3","1.4","0.4","8.4","1.2","17.6","1.5","0.4","6.0","9.8","60.5","1.8","1.6","19.4","1.3","7.0","0.2","0.2","0.7","2.0","0.6","93.1","0.9","0.4","3905","4.1","0.7","7.1","0.1","1.0","1.8","0.9","1.1","34.1","1.0","4.5","0.2","66"
"0400000US45","South Carolina","732079","10997","7.4","0.5","17.8","0.7","22.5","0.7","18.3","0.6","17.5","0.7","11.1","0.5","5.4","0.4","155500","1987","14.9","0.7","3.3","0.3","11.6","0.6","0.6","0.1","84.5","0.7","3.3","0.4","8.9","0.5","8.9","0.5","13.9","0.6","21.6","0.8","16.5","0.8","17.1","0.7","9.7","0.6","66986","1166","40.4","1.0","23.9","0.9","12.9","0.7","21.8","0.7","0.2","0.1","0.2","0.1","0.9","2.2","0.3","0.3","6.1","0.4","7.3","0.4","0.5","9.0","0.5","20.4","0.8","13.6","0.8","15.3","0.6","12.4","0.5","1144","10","1.0","0.1","0.2","3.9","8.5","0.0","0.1","0.2","0.1","7.5","0.5","0.6","0.1","2.2","0.3","9.8","13.9","0.6","2.4","0.3","5.2","0.4","6.3","0.5","21.6","0.8","0.5","8.8","4.1","43.3","1.0","0.8","8.4","0.6","2.2","1.0","0.2","1.0","33.2","0.9","23.0","0.7","2.8","919","7.7","0.5","12.5","0.5","0.5","8.7","0.6","0.4","32.7","0.3","41.0","0.3","14"
"0400000US46","South Dakota","126067","3111","7.8","0.9","16.2","1.4","24.7","1.4","22.2","1.6","16.9","1.5","9.1","1.0","3.1","0.7","152300","3321","12.6","1.4","3.8","0.8","8.8","1.2","0.7","0.3","86.7","1.4","1.5","0.6","5.3","0.8","6.0","1.0","14.5","1.4","26.2","1.8","19.9","1.7","17.3","1.5","9.4","1.1","71236","1887","45.7","2.2","28.1","1.6","11.7","1.5","14.1","1.4","0.2","0.1","0.2","0.1","0.6","1.9","0.4","0.7","6.1","0.9","6.8","0.9","1.1","8.7","1.2","23.6","1.5","15.1","1.6","15.6","1.5","9.8","1.0","1150","19","0.3","0.1","0.2","3.4","8.0","0.0","0.1","0.1","0.1","4.2","0.8","1.2","0.2","1.7","0.5","6.2","14.5","1.4","2.8","0.6","5.2","0.8","6.5","1.1","26.2","1.8","1.3","12.2","2.9","46.6","2.0","1.9","10.5","1.1","2.1","0.3","0.2","0.9","21.3","1.5","67.1","1.6","1.1","2011","4.3","0.8","8.2","0.3","1.0","11.1","1.3","0.7","34.1","0.6","10.5","0.3","62"
"0400000US47","Tennessee","1003052","13349","7.0","0.4","20.2","0.5","24.1","0.7","18.0","0.6","16.5","0.6","10.0","0.4","4.1","0.3","147400","1344","12.6","0.5","3.5","0.3","9.1","0.4","0.5","0.1","86.9","0.5","3.2","0.3","8.9","0.5","8.5","0.5","14.5","0.6","22.7","0.7","16.1","0.6","15.7","0.5","10.3","0.4","65719","848","41.9","0.8","25.7","0.8","13.2","0.5","18.5","0.6","0.2","0.1","0.3","0.1","0.7","2.3","0.2","0.3","6.0","0.4","7.8","0.4","0.5","8.7","0.4","20.2","0.6","14.0","0.5","14.8","0.6","12.2","0.5","1138","8","0.7","0.1","0.1","4.1","8.9","0.1","0.1","0.1","0.1","7.6","0.4","0.5","0.1","2.5","0.2","9.2","14.5","0.6","2.5","0.2","6.2","0.4","5.8","0.4","22.7","0.7","0.4","9.6","4.0","42.1","0.8","0.8","8.7","0.4","1.8","0.7","0.2","0.6","33.2","0.7","33.1","0.6","2.4","1154","7.8","0.4","12.2","0.5","0.5","9.1","0.5","0.3","31.6","0.2","31.3","0.2","12"
"0400000US48","Texas","3334646","25522","6.3","0.2","20.3","0.4","23.6","0.4","17.6","0.3","16.9","0.3","10.5","0.3","4.7","0.2","149600","900","6.7","0.2","2.8","0.2","3.9","0.2","0.3","0.1","93.0","0.2","2.4","0.1","6.5","0.2","6.2","0.2","11.0","0.3","19.1","0.3","16.0","0.4","21.0","0.3","17.8","0.3","81777","456","54.1","0.6","22.1","0.4","9.4","0.3","13.8","0.3","0.1","0.1","0.1","0.1","0.4","1.0","0.1","0.1","3.3","0.2","4.5","0.2","0.2","6.5","0.2","18.2","0.4","16.2","0.3","20.7","0.4","21.2","0.4","1375","6","0.6","0.1","0.1","2.2","5.6","0.0","0.1","0.1","0.1","5.5","0.2","0.3","0.1","1.2","0.1","7.5","11.0","0.3","1.1","0.1","3.7","0.2","6.1","0.2","19.1","0.3","0.2","8.5","5.2","54.8","0.4","0.4","12.9","0.3","3.2","0.6","0.1","0.2","12.6","0.3","76.5","0.4","2.7","3119","5.6","0.2","8.9","0.2","0.2","5.5","0.2","0.2","38.7","0.2","8.2","0.1","25"
"0400000US49","Utah","442912","6509","4.0","0.4","3.4","0.4","15.4","0.7","22.2","0.9","29.5","0.8","18.9","0.8","6.5","0.5","214300","2443","15.4","0.7","5.3","0.4","10.1","0.6","0.5","0.2","84.1","0.7","1.5","0.3","5.4","0.5","5.9","0.5","11.8","0.6","23.5","1.0","19.5","0.8","20.7","0.9","11.8","0.6","76937","1082","26.8","0.9","28.3","0.8","18.4","0.9","26.2","0.9","0.1","0.1","0.3","0.1","0.6","1.3","0.2","0.2","2.6","0.3","3.8","0.4","0.4","6.4","0.5","19.5","0.8","18.7","0.8","23.4","0.9","17.5","0.7","1377","12","0.3","0.0","0.1","1.7","4.3","0.0","0.1","0.0","0.1","4.2","0.4","0.6","0.1","0.9","0.2","7.0","11.8","0.6","1.0","0.2","3.7","0.3","7.0","0.5","23.5","1.0","0.5","10.5","7.4","51.9","1.1","0.9","14.4","0.7","3.4","0.3","0.1","0.6","41.2","1.0","46.3","0.9","1.9","1458","4.3","0.4","8.2","0.3","0.5","5.6","0.7","0.5","34.1","0.3","10.5","0.3","13"
"0400000US50","Vermont","112832","2870","3.8","0.8","5.4","0.8","13.7","1.3","19.2","1.4","31.0","1.7","20.5","1.5","6.5","0.8","222900","4511","19.8","1.4","2.2","0.5","17.6","1.3","0.3","0.2","79.9","1.3","1.5","0.5","7.0","0.9","7.3","0.9","11.5","1.1","21.8","1.3","18.2","1.4","19.6","1.5","13.2","1.2","76275","2301","27.7","1.5","27.0","1.6","15.4","1.2","29.8","1.6","0.1","0.1","0.1","0.1","0.2","0.5","0.2","0.4","2.2","0.5","3.7","0.7","0.7","5.9","0.9","16.3","1.3","16.5","1.3","26.6","1.7","22.2","1.4","1482","28","0.1","0.0","0.2","1.4","4.4","0.0","0.1","0.0","0.1","5.3","0.9","1.0","0.1","0.9","0.3","9.3","11.5","1.1","0.7","0.2","3.3","0.7","7.6","1.0","21.8","1.3","0.5","9.8","8.3","51.0","1.8","1.5","15.6","1.2","4.3","0.1","0.1","0.6","4.5","0.7","91.7","0.9","0.9","3816","5.4","0.9","10.3","0.1","1.0","3.7","1.0","1.0","31.1","0.7","2.9","0.3","72"
"0400000US51","Virginia","1413887","17897","3.6","0.2","5.8","0.3","10.8","0.4","15.0","0.5","22.3","0.5","24.9","0.5","17.6","0.4","262000","2829","19.6","0.5","4.5","0.3","15.0","0.4","0.7","0.1","79.7","0.5","1.9","0.2","5.0","0.2","5.1","0.3","10.1","0.4","17.6","0.5","15.4","0.4","21.6","0.5","23.3","0.5","90992","875","26.7","0.5","27.3","0.6","17.5","0.4","28.1","0.6","0.1","0.1","0.2","0.1","0.6","1.2","0.1","0.2","2.8","0.2","3.6","0.2","0.3","4.3","0.2","12.5","0.4","12.1","0.5","21.5","0.6","35.4","0.6","1645","13","0.5","0.1","0.1","1.7","4.1","0.0","0.1","0.1","0.1","4.5","0.3","0.4","0.1","0.9","0.1","5.9","10.1","0.4","1.1","0.1","2.9","0.2","6.1","0.3","17.6","0.5","0.2","6.6","6.8","60.3","0.6","0.6","18.2","0.4","6.2","0.5","0.1","0.5","20.8","0.4","62.1","0.5","2.5","2078","4.6","0.3","7.0","0.2","0.3","4.2","0.4","0.3","35.9","0.3","14.5","0.2","30"
"0400000US53","Washington","1136878","13225","3.1","0.2","3.4","0.3","9.6","0.4","16.5","0.5","27.8","0.6","25.8","0.6","13.8","0.5","259700","2496","16.8","0.6","4.6","0.3","12.2","0.5","0.7","0.1","82.6","0.5","2.3","0.2","5.0","0.3","5.5","0.3","10.1","0.4","19.6","0.6","17.2","0.6","22.3","0.7","18.0","0.5","84655","1046","24.3","0.6","26.0","0.6","17.5","0.5","31.6","0.7","0.1","0.1","0.2","0.1","0.4","0.8","0.1","0.2","1.9","0.2","2.2","0.2","0.2","3.8","0.3","12.2","0.4","14.7","0.5","26.0","0.7","33.3","0.6","1667","11","0.5","0.1","0.1","1.2","3.2","0.0","0.1","0.0","0.1","4.5","0.3","0.3","0.1","0.6","0.1","6.9","10.1","0.4","0.7","0.1","2.2","0.2","7.2","0.3","19.6","0.6","0.3","7.4","8.9","57.5","0.7","0.7","18.7","0.5","6.6","0.5","0.1","0.3","11.4","0.4","81.4","0.5","1.8","2824","4.6","0.3","7.7","0.2","0.3","3.3","0.4","0.4","32.2","0.3","5.3","0.2","24"
"0400000US54","West Virginia","257534","5965","11.1","0.9","28.3","1.3","21.3","1.2","17.8","1.2","13.3","0.9","6.7","0.7","1.6","0.3","122600","2713","11.4","0.9","2.5","0.4","8.9","0.8","0.6","0.2","88.1","0.9","2.6","0.5","10.9","1.0","8.6","1.0","14.1","1.1","24.3","1.2","16.5","1.2","15.2","1.0","7.8","0.7","62936","1539","51.8","1.4","21.8","1.1","9.8","0.8","16.2","1.2","0.1","0.1","0.5","0.2","1.6","4.5","0.7","0.7","11.0","0.9","10.9","0.8","0.8","9.5","1.0","16.8","1.2","10.2","0.9","10.7","0.9","6.6","0.6","939","13","0.3","0.1","0.4","7.1","10.6","0.1","0.1","0.2","0.2","7.9","0.9","1.2","0.4","4.1","0.6","8.2","14.1","1.1","4.0","0.5","6.8","0.9","3.3","0.5","24.3","1.2","1.0","7.6","2.7","39.4","1.4","1.5","5.7","0.7","1.3","0.3","0.1","1.4","28.3","1.5","13.4","1.0","4.8","725","8.2","0.9","13.7","1.4","1.0","14.0","0.8","0.5","32.5","0.3","53.5","0.7","16"
"0400000US55","Wisconsin","1000484","8902","4.1","0.3","14.3","0.4","22.7","0.5","21.0","0.5","22.7","0.5","11.8","0.4","3.4","0.2","168300","1102","19.4","0.5","4.6","0.2","14.8","0.5","0.6","0.1","80.0","0.5","1.7","0.2","6.1","0.3","6.8","0.3","12.2","0.4","23.0","0.5","18.9","0.5","20.6","0.5","10.7","0.4","75221","636","41.7","0.6","27.4","0.6","12.8","0.5","17.7","0.4","0.1","0.1","0.1","0.1","0.4","1.0","0.1","0.2","3.2","0.2","4.3","0.3","0.3","6.7","0.3","19.0","0.5","18.0","0.5","22.2","0.6","17.1","0.5","1352","7","0.4","0.0","0.1","2.0","6.0","0.0","0.1","0.1","0.1","4.9","0.3","0.3","0.1","1.3","0.1","7.7","12.2","0.4","1.2","0.1","4.0","0.2","7.0","0.3","23.0","0.5","0.3","10.0","6.6","50.2","0.6","0.5","13.6","0.4","2.9","0.4","0.1","0.2","6.9","0.3","89.3","0.4","0.7","3304","5.0","0.3","9.3","0.3","0.3","6.4","0.4","0.3","33.6","0.2","3.1","0.1","20"
"0400000US56","Wyoming","91945","3556","4.1","0.9","6.3","1.1","13.7","1.7","23.9","2.0","29.3","2.3","17.1","1.6","5.5","1.0","205200","5806","10.8","1.4","5.7","1.2","5.1","1.0","0.6","0.4","88.6","1.5","1.8","0.7","5.7","1.2","5.8","1.2","9.7","1.6","21.2","2.2","19.6","1.8","24.7","2.1","11.6","1.6","82738","2572","31.6","2.5","29.6","2.6","14.1","2.0","24.3","2.0","0.4","0.2","0.1","0.1","0.4","1.1","0.5","0.6","4.1","1.1","4.4","0.9","1.3","6.1","1.1","18.6","1.8","18.1","2.4","22.1","2.8","15.5","1.9","1330","30","0.4","0.0","0.3","2.3","7.2","0.0","0.1","0.0","0.1","4.1","1.0","1.5","0.1","0.8","0.4","7.8","9.7","1.6","1.3","0.6","5.0","1.1","3.5","1.0","21.2","2.2","1.2","8.9","5.3","55.8","2.1","2.3","14.2","1.8","3.1","0.4","0.4","2.0","45.2","2.7","34.1","2.5","0.9","1260","4.1","1.0","8.7","0.1","1.4","6.9","1.3","1.0","38.5","0.9","19.7","0.4","32"
"0400000US72","Puerto Rico","349616","6939","2.7","0.5","17.7","1.0","32.6","1.4","24.2","1.1","14.7","0.9","5.5","0.6","2.6","0.4","144900","2095","3.2","0.5","2.2","0.4","0.9","0.2","0.4","0.2","96.5","0.5","8.5","0.7","22.0","1.1","15.9","1.0","18.3","0.9","17.8","0.9","7.7","0.7","6.3","0.7","3.5","0.5","37441","915","16.9","1.0","20.5","1.1","17.2","1.1","43.9","1.3","0.3","0.1","0.8","0.2","2.4","5.3","0.6","0.7","11.7","0.8","11.6","0.8","0.8","8.9","0.7","14.3","0.9","8.8","0.7","8.2","0.8","7.2","0.6","877","9","1.6","0.2","0.4","9.3","11.4","0.1","0.1","0.9","0.2","20.2","1.0","1.1","0.3","6.8","0.6","15.7","18.3","0.9","4.0","0.5","8.2","0.6","6.1","0.6","17.8","0.9","0.6","6.1","3.4","17.5","1.0","0.9","4.3","0.6","1.4","1.6","0.3","0.8","3.9","0.5","3.3","0.5","83.2","651","21.3","1.1","23.5","1.0","1.0","8.3","0.7","0.4","11.8","0.3","9.6","0.9","68"
